<?xml version="1.0" encoding="utf-8"?>
<modification>
    <name>Image Finder Pro</name>
    <code>image_finder_pro</code>
    <version>1.1</version>
    <author>Your Name</author>
    <link>http://www.yoursite.com</link>
    
    <file path="admin/controller/common/column_left.php">
        <operation>
            <search><![CDATA[// Extensions]]></search>
            <add position="after"><![CDATA[
            // Image Finder Pro
            if ($this->user->hasPermission('access', 'extension/module/image_finder_pro')) {
                $extension[] = array(
                    'name'     => 'Image Finder Pro',
                    'href'     => $this->url->link('extension/module/image_finder_pro', 'user_token=' . $this->session->data['user_token'], true),
                    'children' => array()
                );
            }
            ]]></add>
        </operation>
    </file>
</modification>
